Rank,Player,Team,Position,"Pool Geek Value","Games Played",W,SV%,GAA,G,A,+/-,PIM,SOG,PPP,HITS,BKS,FOW
1,"Sidney Crosby",PIT,C,192,14,,,,6,19,19,8,47,5,8,10,161
2,"P.K. Subban",MTL,D,175,13,,,,7,8,6,8,49,10,19,19,0
3,"Alex Ovechkin",WSH,LW,174,14,,,,8,9,3,8,59,6,39,8,0
4,"Chris Kunitz",PIT,LW,159,14,,,,11,9,16,4,35,3,32,7,0
5,"Pascal Dupuis",PIT,LW,153,14,,,,10,4,19,8,62,0,28,7,4
6,"Dustin Brown",LAK,RW,143,15,,,,7,4,8,6,50,4,53,3,5
7,"Ryan Getzlaf",ANA,C,142,14,,,,5,10,1,27,32,3,34,13,93
8,"Shea Weber",NSH,D,142,13,,,,4,8,1,17,33,6,25,25,0
9,"Evander Kane",WPG,LW,133,15,,,,4,3,-4,22,66,1,54,6,4
10,"Jake Muzzin",LAK,D,131,15,,,,4,6,10,27,26,4,25,10,0
11,"Dion Phaneuf",TOR,D,129,13,,,,3,8,4,13,19,4,43,26,0
12,"Patrice Bergeron",BOS,C,127,15,,,,6,11,12,6,33,2,11,9,214
13,"Zdeno Chara",BOS,D,124,15,,,,3,3,8,23,37,1,42,19,0
14,"Chris Neil",OTT,RW,123,13,,,,0,5,2,28,19,3,72,5,0
15,"Rick Nash",NYR,LW,121,14,,,,8,6,2,8,47,4,10,14,1
16,"Dustin Byfuglien",WPG,D,120,15,,,,3,8,-3,6,59,5,23,19,0
17,"Alexander Semin",CAR,RW,118,13,,,,5,11,2,20,42,2,6,10,1
18,"Pavel Datsyuk",DET,LW,114,13,,,,3,10,6,2,25,4,8,15,143
19,"Mikko Koivu",MIN,C,113,12,,,,6,10,10,6,34,4,12,6,120
20,"David Backes",STL,RW,113,13,,,,0,5,-2,18,34,0,55,13,129
21,"Anze Kopitar",LAK,C,112,15,,,,4,10,7,2,32,4,24,11,149
22,"Ryan Suter",MIN,D,112,12,,,,3,11,6,8,23,7,8,15,0
23,"Sergei Gonchar",OTT,D,111,13,,,,1,14,2,10,17,7,6,22,0
24,"Zach Parise",MIN,LW,110,12,,,,6,8,12,0,43,3,12,9,0
25,"Ryan Callahan",NYR,RW,110,14,,,,4,4,-1,2,48,2,44,24,6
26,"Corey Perry",ANA,RW,107,10,,,,5,4,0,36,30,3,11,4,4
27,"Steve Ott",BUF,C,106,13,,,,2,7,-1,25,21,3,50,7,87
28,"Phil Kessel",TOR,RW,104,13,,,,6,12,0,4,37,5,2,9,1
29,"Jarret Stoll",LAK,C,104,15,,,,4,6,3,14,24,4,29,12,128
30,"Niklas Backstrom",MIN,G,103,12,10,0.9175,2.27,,,,,,,,,
31,"Brooks Orpik",PIT,D,103,14,,,,0,4,13,16,9,0,48,33,0
32,"Slava Voynov",LAK,D,101,15,,,,1,11,-1,4,18,5,39,20,1
33,"Nazem Kadri",TOR,C,100,13,,,,6,8,8,8,34,1,26,12,71
34,"Tomas Plekanec",MTL,C,99,13,,,,4,8,2,6,40,6,8,6,144
35,"PA Parenteau",COL,RW,99,14,,,,7,10,-9,8,38,6,14,1,0
36,"Shane Doan",PHX,RW,98,14,,,,6,4,5,6,40,1,44,4,1
37,"Justin Williams",LAK,RW,98,15,,,,4,10,7,2,46,3,11,6,0
38,"Daniel Alfredsson",OTT,RW,98,13,,,,4,5,2,17,29,4,8,18,2
39,"Derek Stepan",NYR,C,98,14,,,,6,9,2,4,26,5,16,7,138
40,"Michael Ryder",MTL,RW,97,12,,,,6,7,2,6,34,7,4,4,0
41,"Scott Hartnell",PHI,LW,96,11,,,,3,1,-4,35,26,3,26,10,2
42,"James Neal",PIT,LW,96,14,,,,4,7,10,6,42,2,18,4,1
43,"Patrick Wiercioch",OTT,D,96,13,,,,4,5,2,29,28,3,6,11,0
44,"Chris Phillips",OTT,D,94,13,,,,2,4,5,21,23,0,37,21,0
45,"Rich Clune",NSH,LW,94,13,,,,3,2,1,40,15,0,44,0,0
46,"Chris Stewart",STL,RW,92,13,,,,8,7,2,16,26,2,11,3,1
47,"Christian Ehrhoff",BUF,D,91,13,,,,1,6,2,12,35,4,10,25,0
48,"Patrick Kane",CHI,RW,91,11,,,,7,9,3,2,33,5,4,3,0
49,"Francois Beauchemin",ANA,D,90,14,,,,3,3,8,4,22,1,25,40,0
50,"Andrew Ladd",WPG,LW,90,15,,,,2,10,4,7,39,0,33,6,3
51,"Dennis Seidenberg",BOS,D,90,15,,,,2,1,3,4,35,1,34,41,0
52,"Steven Stamkos",TBL,C,90,13,,,,9,3,-10,8,39,5,19,8,141
53,"Zach Bogosian",WPG,D,90,15,,,,1,2,-6,25,38,1,44,18,0
54,"Eric Staal",CAR,C,89,13,,,,5,9,2,12,35,1,13,7,143
55,"Drew Doughty",LAK,D,89,15,,,,1,4,5,12,41,0,43,15,0
56,"Dan Boyle",SJS,D,87,14,,,,3,3,3,15,31,4,10,21,0
57,"Matt Duchene",COL,C,87,14,,,,5,8,-11,2,38,5,12,19,155
58,"Kris Letang",PIT,D,86,10,,,,0,13,6,0,31,3,15,18,0
59,"Steve Oleksy",WSH,D,86,13,,,,1,5,4,22,14,0,31,27,0
60,"Cody Franson",TOR,D,86,13,,,,2,4,2,2,28,4,44,17,0
61,"Troy Brouwer",WSH,RW,86,13,,,,4,7,3,0,29,4,25,6,38
62,"Logan Couture",SJS,C,85,14,,,,6,5,0,0,55,4,11,17,41
63,"Michael Del Zotto",NYR,D,84,14,,,,1,7,0,4,34,3,26,24,0
64,"Devin Setoguchi",MIN,RW,84,12,,,,7,4,9,4,35,2,19,2,1
65,"Andrei Markov",MTL,D,84,13,,,,1,9,-1,2,28,7,7,21,0
66,"Mike Fisher",NSH,C,83,13,,,,5,6,4,13,18,2,20,15,100
67,"John Carlson",WSH,D,83,14,,,,2,6,3,2,25,4,12,32,0
68,"Brad Marchand",BOS,C,82,15,,,,4,11,13,13,27,1,13,6,3
69,"Martin St. Louis",TBL,RW,81,13,,,,3,14,-3,6,21,5,6,6,4
70,"Bobby Ryan",ANA,LW,81,14,,,,4,5,4,13,31,1,24,6,0
71,"Mark Fraser",TOR,D,80,13,,,,0,2,1,16,12,0,50,35,0
72,"Tyler Seguin",BOS,C,80,15,,,,8,5,9,4,54,2,8,4,8
73,"Matt Martin",NYI,LW,80,13,,,,1,4,0,9,20,1,73,3,4
74,"Blake Wheeler",WPG,RW,80,15,,,,7,3,0,8,31,2,22,11,0
75,"Barret Jackman",STL,D,79,13,,,,0,6,0,20,11,0,27,36,0
76,"Mike Cammalleri",CGY,LW,79,13,,,,5,5,-6,2,35,5,6,2,142
77,"Henrik Sedin",VAN,C,79,15,,,,6,7,6,10,25,2,6,4,150
78,"Alexander Edler",VAN,D,78,13,,,,1,4,0,15,42,0,24,23,1
79,"Nicklas Backstrom",WSH,C,78,14,,,,3,11,2,4,21,5,9,10,103
80,"Brad Boyes",NYI,RW,77,13,,,,4,8,1,2,26,5,17,5,1
81,"Lars Eller",MTL,C,77,13,,,,2,6,5,12,31,1,30,12,81
82,"Paul Martin",PIT,D,76,12,,,,2,4,14,6,18,3,11,21,0
83,"Jonathan Toews",CHI,C,75,11,,,,7,7,7,2,36,1,9,4,126
84,"Justin Abdelkader",DET,LW,75,13,,,,6,1,8,8,30,0,32,5,5
85,"Mike Weber",BUF,D,75,13,,,,1,1,0,25,9,0,41,28,0
86,"Curtis Glencross",CGY,LW,75,11,,,,6,4,2,8,28,3,13,6,6
87,"Roman Josi",NSH,D,74,13,,,,2,7,0,4,30,4,10,22,0
88,"Tyler Ennis",BUF,LW,73,12,,,,2,7,-3,8,24,5,5,12,48
89,"Colton Orr",TOR,RW,72,13,,,,0,1,0,57,4,0,18,5,0
90,"Ilya Kovalchuk",NJD,LW,72,12,,,,3,7,-3,8,43,4,7,3,3
91,"Antoine Roussel",DAL,LW,72,11,,,,1,2,0,43,12,0,23,4,8
92,"Cody Hodgson",BUF,C,72,13,,,,4,6,3,6,31,4,6,11,106
93,"Jared Spurgeon",MIN,D,71,12,,,,3,7,9,0,17,4,17,12,0
94,"Alex Burrows",VAN,RW,71,15,,,,4,4,7,12,43,0,11,4,5
95,"Marc-Andre Fleury",PIT,G,71,9,8,0.915,2.32,,,,,,,,,
96,"Sergei Bobrovsky",CBJ,G,71,13,8,0.9125,2.545,,,,,,,,,
97,"Wayne Simmonds",PHI,RW,70,11,,,,3,4,-8,15,19,6,25,6,0
98,"Johan Franzen",DET,RW,69,13,,,,4,5,5,2,43,3,10,3,4
99,"Nick Foligno",CBJ,LW,69,12,,,,3,3,4,4,20,1,43,12,1
100,"Gabriel Bourque",NSH,LW,69,13,,,,7,3,1,0,28,2,24,10,1
101,"Jakub Voracek",PHI,RW,69,11,,,,6,4,-6,2,34,7,7,5,0
102,"Joe Thornton",SJS,C,68,14,,,,1,9,0,6,21,5,9,10,146
103,"David Krejci",BOS,C,68,14,,,,2,10,-5,6,32,4,14,7,123
104,"Kyle Clifford",LAK,LW,68,15,,,,2,0,-3,27,14,0,56,4,0
105,"John Tavares",NYI,C,68,13,,,,8,3,0,4,38,4,10,2,96
106,"Ryan O'Reilly",COL,C,67,14,,,,4,9,-3,2,46,4,3,3,114
107,"Mike Ribeiro",WSH,C,67,14,,,,5,8,0,13,17,4,15,7,33
108,"Tyler Bozak",TOR,C,67,13,,,,5,6,1,2,27,1,25,11,136
109,"Carl Gunnarsson",TOR,D,67,13,,,,0,7,4,8,13,0,29,30,0
110,"Max Pacioretty",MTL,LW,67,13,,,,3,7,-3,4,56,1,14,4,1
111,"Vladimir Sobotka",STL,C,67,13,,,,6,2,2,10,25,2,31,2,115
112,"Jannik Hansen",VAN,RW,67,15,,,,5,7,9,2,35,0,12,4,0
113,"Taylor Hall",EDM,LW,66,12,,,,4,9,0,4,30,3,3,6,6
114,"Kimmo Timonen",PHI,D,66,11,,,,1,5,-2,10,28,5,6,20,0
115,"Matt Moulson",NYI,LW,66,13,,,,1,11,-1,0,33,4,11,6,0
116,"B.J. Crombeen",TBL,RW,66,11,,,,1,3,4,39,12,0,13,5,1
117,"Jack Johnson",CBJ,D,65,12,,,,3,4,0,0,28,3,12,30,0
118,"Brent Seabrook",CHI,D,65,11,,,,3,4,4,9,16,1,29,18,0
119,"Shawn Matthias",FLA,C,65,15,,,,9,2,3,4,41,1,20,4,63
120,"Evgeni Nabokov",NYI,G,65,12,8,0.901,2.92,,,,,,,,,
121,"Kyle Okposo",NYI,RW,64,13,,,,1,5,1,18,25,1,19,6,42
122,"Claude Giroux",PHI,C,64,11,,,,3,6,-7,0,40,6,11,5,157
123,"David Perron",STL,LW,64,13,,,,3,6,2,14,24,1,18,4,5
124,"Milan Lucic",BOS,LW,64,15,,,,1,6,-4,11,25,2,37,5,4
125,"Tyson Strachan",FLA,D,63,15,,,,0,2,-3,19,15,0,46,24,0
126,"Dougie Hamilton",BOS,D,62,15,,,,3,2,4,10,23,2,26,12,0
127,"Kyle Turris",OTT,C,61,13,,,,4,6,1,2,32,4,7,6,131
128,"Niklas Kronwall",DET,D,61,13,,,,3,4,-1,12,20,3,7,22,0
129,"Mika Zibanejad",OTT,C,61,13,,,,3,6,5,4,31,2,30,3,69
130,"Dennis Wideman",CGY,D,61,13,,,,0,6,2,2,18,4,13,28,0
131,"Jakob Silfverberg",OTT,RW,61,13,,,,5,3,4,4,38,2,13,4,0
132,"Marcus Foligno",BUF,LW,61,13,,,,4,3,1,14,15,2,25,5,2
133,"Shawn Thornton",BOS,LW,60,14,,,,2,1,1,21,29,0,30,4,3
134,"Carl Hagelin",NYR,LW,60,14,,,,1,6,6,4,43,0,14,9,2
135,"Brandon Saad",CHI,LW,58,11,,,,1,10,6,0,26,3,9,3,4
136,"Colin McDonald",NYI,RW,58,12,,,,3,4,0,9,29,0,38,3,3
137,"RJ Umberger",CBJ,LW,58,13,,,,3,4,3,6,26,2,6,16,6
138,"Matt Irwin",SJS,D,58,14,,,,4,3,-3,2,36,3,9,21,0
139,"Matt Cullen",MIN,C,57,12,,,,3,9,7,6,29,1,6,6,85
140,"Joffrey Lupul",TOR,LW,57,5,,,,7,2,5,8,18,2,13,2,0
141,"Alexei Emelin",MTL,D,56,13,,,,1,5,-2,18,10,0,32,19,0
142,"Derek Morris",PHX,D,56,14,,,,0,3,-7,14,22,1,36,25,0
143,"Nik Antropov",WPG,C,55,15,,,,3,5,-1,6,28,2,35,9,49
144,"Keith Yandle",PHX,D,55,14,,,,3,5,-3,4,45,4,1,9,0
145,"Andrew MacDonald",NYI,D,55,13,,,,1,3,1,8,20,1,7,39,0
146,"Sam Gagner",EDM,C,55,13,,,,7,5,2,0,28,2,14,6,93
147,"Martin Erat",NSH,RW,55,13,,,,1,9,0,2,22,3,17,7,14
148,"Daniel Sedin",VAN,LW,55,15,,,,3,6,4,4,44,1,6,1,0
149,"Mason Raymond",VAN,LW,55,15,,,,4,5,8,4,33,0,9,3,12
150,"Jarome Iginla",CGY,RW,54,12,,,,4,3,-4,7,30,2,28,2,25
151,"Jakub Kindl",DET,D,54,13,,,,2,4,8,8,25,1,17,10,0
152,"Antti Niemi",SJS,G,54,13,7,0.9285,2.01,,,,,,,,,
153,"Cory Schneider",VAN,G,54,10,7,0.917,2.425,,,,,,,,,
154,"Ondrej Pavelec",WPG,G,54,13,7,0.903,2.805,,,,,,,,,
155,"Mark Streit",NYI,D,54,13,,,,1,5,-1,8,27,1,7,30,0
156,"Nikolai Kulemin",TOR,LW,54,13,,,,4,3,-1,4,17,0,35,16,4
157,"Eric Gryba",OTT,D,54,13,,,,1,1,0,12,22,0,42,18,0
158,"David Clarkson",NJD,RW,54,13,,,,2,1,-3,21,45,0,22,1,2
159,"Vinny Prospal",CBJ,LW,53,13,,,,2,5,-1,12,26,3,8,6,0
160,"Lee Stempniak",CGY,RW,53,13,,,,2,8,3,4,25,2,13,5,1
161,"Jaromir Jagr",DAL,RW,53,11,,,,8,3,1,2,27,4,2,0,0
162,"Bryan Bickell",CHI,LW,53,11,,,,3,4,1,14,20,0,28,3,1
163,"Brent Burns",SJS,D,53,9,,,,5,5,3,6,26,2,13,2,2
164,"Brian Gionta",MTL,RW,53,13,,,,6,4,4,2,29,1,7,8,5
165,"Marcel Goc",FLA,C,52,15,,,,2,4,-6,6,37,1,34,6,145
166,"Jason Garrison",VAN,D,52,15,,,,2,2,6,6,30,2,12,15,0
167,"Sheldon Souray",ANA,D,51,14,,,,2,1,8,15,30,0,8,15,0
168,"Martin Hanzal",PHX,C,51,13,,,,2,4,-4,14,35,1,29,3,100
169,"Ryan McDonagh",NYR,D,51,14,,,,0,4,2,2,25,0,26,30,0
170,"David Moss",PHX,RW,51,12,,,,2,7,3,9,21,0,17,9,1
171,"Brendan Gallagher",MTL,RW,51,13,,,,4,6,-1,4,39,1,1,10,4
172,"Dan Girardi",NYR,D,50,14,,,,0,3,-1,8,18,0,29,32,0
173,"Gabriel Landeskog",COL,LW,50,13,,,,5,2,-9,6,42,1,16,13,0
174,"Matt Calvert",CBJ,LW,50,13,,,,2,3,-1,20,19,0,22,8,0
175,"Jeff Petry",EDM,D,50,13,,,,1,2,1,7,19,0,34,25,0
176,"Jordan Staal",CAR,C,50,13,,,,4,2,-6,6,32,1,43,4,116
177,"Adam Henrique",NJD,C,49,13,,,,6,1,1,6,30,2,9,8,127
178,"Cody McLeod",COL,LW,49,14,,,,0,1,1,33,11,0,26,3,2
179,"Henrik Zetterberg",DET,C,48,13,,,,2,5,-4,6,51,4,5,3,78
180,"Victor Hedman",TBL,D,48,13,,,,0,5,-1,12,20,0,20,24,0
181,"Jason Pominville",BUF,RW,48,13,,,,3,5,-1,2,31,3,7,9,6
182,"Ladislav Smid",EDM,D,47,13,,,,0,0,1,8,11,0,35,36,0
183,"Loui Eriksson",DAL,RW,47,11,,,,3,7,3,0,27,3,1,7,0
184,"Mark Stuart",WPG,D,46,11,,,,1,1,3,18,7,0,30,19,0
185,"Marian Gaborik",NYR,RW,46,14,,,,2,5,-6,4,39,5,4,4,0
186,"Mike Richards",LAK,C,46,15,,,,4,4,-4,8,26,3,23,7,56
187,"David Legwand",NSH,C,46,13,,,,5,5,-3,8,21,3,8,6,108
188,"Patrick Marleau",SJS,LW,45,14,,,,4,2,-4,6,41,1,9,5,43
189,"Braden Holtby",WSH,G,45,11,7,0.9075,2.96,,,,,,,,,
190,"Matt Cooke",PIT,LW,45,14,,,,2,4,0,6,17,0,32,12,0
191,"Adam McQuaid",BOS,D,45,10,,,,0,2,2,28,6,0,23,13,0
192,"Beau Bennett",PIT,RW,45,12,,,,1,6,6,4,14,3,14,6,0
193,"Marek Zidlicky",NJD,D,44,13,,,,3,3,-3,8,27,1,12,20,0
194,"Andrew Ference",BOS,D,44,15,,,,2,1,-4,16,19,0,30,18,0
195,"Grant Clitsome",WPG,D,44,15,,,,0,4,-4,10,15,0,33,25,0
196,"Joe Pavelski",SJS,C,44,14,,,,4,2,-3,0,39,1,16,18,106
197,"Magnus Paajarvi",EDM,LW,44,13,,,,5,3,1,2,34,1,7,7,2
198,"Filip Kuba",FLA,D,44,15,,,,1,3,-3,10,18,2,15,24,0
199,"Luca Sbisa",ANA,D,43,14,,,,1,3,-2,11,9,1,32,20,0
200,"Marc Methot",OTT,D,43,12,,,,1,3,-1,5,14,0,38,23,0
201,"Jeff Carter",LAK,C,43,15,,,,7,2,-1,0,36,3,6,8,70
202,"Roman Polak",STL,D,42,13,,,,0,2,1,15,11,0,31,20,0
203,"Brenden Dillon",DAL,D,42,11,,,,0,0,-4,20,17,0,40,16,0
204,"Jordan Eberle",EDM,RW,42,13,,,,4,5,-2,2,28,2,13,5,3
205,"Alex Goligoski",DAL,D,42,11,,,,1,6,1,6,14,3,14,12,0
206,"Kris Russell",STL,D,42,13,,,,1,3,5,2,18,2,12,23,0
207,"Zack Smith",OTT,C,41,13,,,,3,3,-4,15,23,0,26,8,104
208,"Dustin Penner",LAK,LW,41,13,,,,1,5,3,6,26,1,20,2,2
209,"Alex Pietrangelo",STL,D,40,12,,,,2,5,-2,0,27,0,7,32,0
210,"Eric Fehr",WSH,RW,40,13,,,,2,3,5,4,32,1,16,4,0
211,"Jay Harrison",CAR,D,40,13,,,,1,1,1,12,14,0,19,28,0
212,"Jack Skille",FLA,RW,40,12,,,,1,5,1,0,30,0,29,9,4
213,"Colin Greening",OTT,C,39,13,,,,3,2,5,4,26,0,38,13,6
214,"Clayton Stoner",MIN,D,39,12,,,,0,6,5,4,11,0,28,16,0
215,"Duncan Keith",CHI,D,39,11,,,,1,7,8,2,26,0,2,15,0
216,"Bryan Little",WPG,C,39,15,,,,2,6,2,2,25,1,11,7,151
217,"Nathan Horton",BOS,RW,39,15,,,,2,4,-3,9,33,1,16,4,2
218,"Eric Nystrom",DAL,LW,38,11,,,,2,1,-3,16,11,0,38,6,4
219,"Jimmy Howard",DET,G,38,10,6,0.911,2.595,,,,,,,,,
220,"Jonathan Quick",LAK,G,38,12,6,0.9005,2.465,,,,,,,,,
221,"Henrik Lundqvist",NYR,G,38,13,6,0.9195,2.25,,,,,,,,,
222,"Luke Schenn",PHI,D,38,10,,,,0,1,-8,10,22,0,48,19,0
223,"Michael Stone",PHX,D,37,14,,,,2,0,4,2,14,0,35,22,0
224,"Matt Beleskey",ANA,LW,37,12,,,,1,0,-2,19,17,0,31,8,1
225,"Mark Giordano",CGY,D,37,13,,,,2,3,0,8,10,0,25,21,0
226,"Matt Niskanen",PIT,D,37,14,,,,1,3,7,6,20,0,20,13,0
227,"Ben Lovejoy",ANA,D,37,9,,,,0,4,3,10,18,0,24,13,0
228,"Daniel Winnik",ANA,LW,36,14,,,,1,6,4,4,21,0,14,9,4
229,"Paul Stastny",COL,C,36,12,,,,3,4,-6,4,22,4,9,10,126
230,"Blake Comeau",CGY,LW,36,13,,,,4,1,-3,6,21,0,32,6,11
231,"Derek Roy",DAL,C,36,11,,,,2,7,1,2,19,2,9,13,89
232,"Viktor Stalberg",CHI,LW,36,11,,,,0,7,4,2,30,1,7,6,0
233,"Patrik Elias",NJD,LW,35,13,,,,5,2,-1,4,32,1,8,2,19
234,"Ryane Clowe",SJS,LW,35,10,,,,0,5,-4,9,23,1,26,6,0
235,"Stephane Robidas",DAL,D,35,11,,,,0,1,-4,9,10,0,37,29,0
236,"Derick Brassard",CBJ,C,35,12,,,,2,4,4,8,23,2,22,1,57
237,"Mike Brown",EDM,RW,35,12,,,,1,0,-4,27,8,0,32,6,2
238,"Tomas Vokoun",PIT,G,35,7,6,0.903,2.885,,,,,,,,,
239,"Oliver Ekman-Larsson",PHX,D,35,14,,,,0,6,-7,6,31,3,23,3,0
240,"Cal Clutterbuck",MIN,RW,34,10,,,,1,2,-5,15,20,0,35,6,1
241,"Dan Hamhuis",VAN,D,34,15,,,,1,5,4,0,21,0,14,21,0
242,"Jiri Tlusty",CAR,C,34,13,,,,5,3,4,4,29,1,14,11,1
243,"Chuck Kobasew",COL,RW,34,14,,,,2,2,4,15,17,0,13,5,10
244,"Rostislav Klesla",PHX,D,33,14,,,,0,4,1,10,13,0,14,24,0
245,"Fedor Tyutin",CBJ,D,33,13,,,,1,4,2,8,12,1,10,20,1
246,"Frans Nielsen",NYI,C,32,13,,,,1,7,1,6,22,2,5,12,70
247,"Maxime Talbot",PHI,RW,32,11,,,,3,1,4,0,16,0,26,10,39
248,"Lubomir Visnovsky",NYI,D,32,11,,,,2,1,1,2,25,2,11,19,0
249,"Travis Hamonic",NYI,D,31,13,,,,0,2,1,4,20,0,17,29,0
250,"Jiri Hudler",CGY,LW,31,13,,,,3,5,-4,10,14,3,4,3,2
251,"Brad Stuart",SJS,D,31,14,,,,0,2,-2,6,10,0,31,28,0
252,"Matt Hendricks",WSH,C,31,14,,,,1,2,-4,18,22,0,26,15,46
253,"Trevor Lewis",LAK,C,30,15,,,,3,4,0,4,32,0,24,13,7
254,"Tomas Fleischmann",FLA,LW,30,15,,,,3,4,-5,2,39,1,8,5,3
255,"Lauri Korpikoski",PHX,LW,30,12,,,,2,0,-3,6,23,0,34,10,1
256,"Tomas Kopecky",FLA,RW,30,15,,,,4,5,-4,0,26,1,4,13,6
257,"Keaton Ellerby",LAK,D,29,15,,,,0,2,2,8,6,0,32,20,0
258,"Guillaume Latendresse",OTT,LW,29,9,,,,5,2,2,4,23,0,14,2,0
259,"Antoine Vermette",PHX,C,29,14,,,,3,2,-5,12,28,1,8,7,135
260,"Craig Adams",PIT,RW,29,14,,,,1,2,1,7,15,0,26,13,3
261,"Nick Schultz",EDM,D,29,13,,,,0,4,0,12,8,0,10,26,0
262,"Brian Boyle",NYR,C,28,13,,,,1,0,-1,6,20,0,46,12,83
263,"Tim Gleason",CAR,D,28,13,,,,0,4,0,0,12,0,34,21,0
264,"Cam Atkinson",CBJ,RW,28,13,,,,3,3,2,2,33,0,11,5,0
265,"Ray Whitney",DAL,LW,28,8,,,,3,4,3,0,21,2,2,7,2
266,"Nate Thompson",TBL,C,28,13,,,,3,3,3,0,20,0,23,11,103
267,"Justin Falk",MIN,D,28,12,,,,0,1,-2,22,10,0,22,14,0
268,"James van Riemsdyk",TOR,LW,28,13,,,,2,5,-1,0,26,1,15,5,4
269,"Charlie Coyle",MIN,RW,28,12,,,,2,3,7,2,20,0,18,5,3
270,"Ryan Whitney",EDM,D,27,12,,,,2,4,-2,10,10,3,4,12,0
271,"Eric Brewer",TBL,D,27,13,,,,0,2,1,6,12,0,24,24,0
272,"Nick Leddy",CHI,D,27,11,,,,3,3,4,6,12,2,10,6,0
273,"Rob Klinkhammer",PHX,LW,27,9,,,,4,2,3,2,15,0,25,3,0
274,"Shane O'Brien",COL,D,27,12,,,,0,1,-5,20,15,0,20,18,0
275,"Alex Tanguay",CGY,LW,27,13,,,,3,5,-4,2,14,2,9,11,1
276,"Travis Zajac",NJD,C,26,13,,,,1,6,-5,6,16,3,15,2,141
277,"Jonathan Huberdeau",FLA,C,26,15,,,,5,5,-8,2,37,3,9,8,1
278,"Christopher Tanev",VAN,D,26,15,,,,1,2,4,0,10,0,6,37,0
279,"Zac Rinaldo",PHI,C,25,11,,,,1,1,-2,28,3,0,43,5,0
280,"Teemu Selanne",ANA,RW,25,14,,,,2,1,-7,20,34,0,3,3,28
281,"Erik Johnson",COL,D,25,11,,,,0,3,-3,6,24,0,20,19,0
282,"Cody Eakin",DAL,C,24,11,,,,2,3,-1,11,18,1,22,5,73
283,"Robyn Regehr",BUF,D,24,13,,,,0,1,0,11,6,0,21,26,0
284,"Jan Hejda",COL,D,24,13,,,,0,3,-7,7,13,0,26,27,0
285,"Ron Hainsey",WPG,D,24,14,,,,0,3,-4,4,14,0,17,32,0
286,"Patrik Berglund",STL,C,24,13,,,,5,3,-2,4,13,1,15,11,86
287,"Brendan Smith",DET,D,24,13,,,,0,2,-2,20,15,1,8,12,0
288,"Peter Mueller",FLA,C,24,15,,,,1,5,-8,4,67,1,9,4,12
289,"Sami Salo",TBL,D,24,12,,,,1,5,-1,8,10,1,11,15,0
290,"Jamie Benn",DAL,C,23,9,,,,0,8,0,4,16,0,24,10,69
291,"Tommy Wingels",SJS,C,23,11,,,,2,3,-2,11,20,1,28,10,1
292,"Ales Hemsky",EDM,RW,23,12,,,,1,5,1,6,31,1,1,3,0
293,"Brandon Sutter",PIT,C,23,14,,,,5,1,1,0,25,1,5,11,120
294,"Shawn Horcoff",EDM,C,23,9,,,,5,1,3,10,16,1,5,6,87
295,"Anton Stralman",NYR,D,23,14,,,,0,1,2,12,10,0,25,15,0
296,"Dany Heatley",MIN,RW,23,12,,,,2,5,-8,0,28,4,7,4,2
297,"Dalton Prout",CBJ,D,23,13,,,,0,1,3,9,6,0,25,20,0
298,"Trevor Daley",DAL,D,23,11,,,,3,1,5,0,22,1,10,12,0
299,"Kevin Klein",NSH,D,23,13,,,,1,2,2,7,10,0,16,21,0
300,"Casey Cizikas",NYI,C,22,13,,,,3,3,1,4,14,0,38,6,44
301,"Patrick Dwyer",CAR,RW,22,13,,,,2,2,7,2,21,0,14,6,1
302,"Jonas Brodin",MIN,D,22,12,,,,2,2,3,4,14,1,4,20,0
303,"Joe Corvo",CAR,D,22,10,,,,2,4,-1,2,20,3,8,6,0
304,"Toni Lydman",ANA,D,21,11,,,,0,2,3,4,11,0,25,19,0
305,"Kari Lehtonen",DAL,G,21,11,5,0.923,2.47,,,,,,,,,
306,"Carey Price",MTL,G,21,11,5,0.9175,2.135,,,,,,,,,
307,"Pekka Rinne",NSH,G,21,13,5,0.9135,2.245,,,,,,,,,
308,"Jake Allen",STL,G,21,7,5,0.9005,2.535,,,,,,,,,
309,"James Reimer",TOR,G,21,10,5,0.919,2.565,,,,,,,,,
310,"John Mitchell",COL,C,21,14,,,,3,3,-1,6,20,0,31,9,23
311,"Ryan Nugent-Hopkins",EDM,C,21,11,,,,1,8,-3,0,21,4,6,8,46
312,"Colin Fraser",LAK,C,21,15,,,,1,4,-1,9,9,0,42,7,41
313,"Brad Richards",NYR,C,21,12,,,,3,2,-1,2,31,2,6,8,92
314,"Brian Campbell",FLA,D,21,15,,,,1,6,-10,0,20,4,2,19,0
315,"Justin Faulk",CAR,D,21,10,,,,1,2,0,11,21,0,12,12,0
316,"Drew Miller",DET,LW,21,13,,,,2,1,-3,0,18,1,25,13,1
317,"Keith Aulie",TBL,D,20,13,,,,0,1,0,16,8,0,29,9,0
318,"Mikkel Boedker",PHX,LW,20,14,,,,2,3,-4,2,20,1,21,7,1
319,"Saku Koivu",ANA,C,20,14,,,,2,4,-2,6,11,2,14,2,152
320,"Dwight King",LAK,LW,20,15,,,,4,2,-2,5,20,0,17,3,1
321,"Andrew Cogliano",ANA,C,20,14,,,,5,3,8,0,25,0,15,5,6
322,"Michael Grabner",NYI,RW,20,10,,,,4,1,4,4,25,0,6,4,1
323,"Jerred Smithson",FLA,RW,19,14,,,,1,1,-1,2,9,0,31,9,73
324,"Patrick Bordeleau",COL,LW,19,12,,,,0,1,-1,19,7,0,31,0,0
325,"Emerson Etem",ANA,RW,19,14,,,,2,3,4,0,18,0,18,7,0
326,"Teddy Purcell",TBL,RW,19,13,,,,3,4,-5,4,13,4,5,3,0
327,"Matt Stajan",CGY,C,19,13,,,,0,8,2,2,9,0,21,8,107
328,"Jay McClement",TOR,C,19,13,,,,4,2,1,0,17,0,17,17,70
329,"Ryan Reaves",STL,RW,19,10,,,,1,0,2,14,8,0,31,2,0
330,"Jordan Leopold",BUF,D,19,8,,,,1,3,0,2,14,2,8,18,0
331,"Andre Benoit",OTT,D,19,10,,,,1,4,0,2,23,1,4,16,0
332,"Martin Havlat",SJS,RW,19,7,,,,1,4,2,14,15,1,1,2,0
333,"Steve Bernier",NJD,RW,18,13,,,,1,3,-4,2,31,1,21,3,2
334,"Douglas Murray",PIT,D,18,12,,,,0,1,-4,7,7,0,22,31,0
335,"Tyler Myers",BUF,D,18,13,,,,0,2,-4,8,12,1,17,22,0
336,"Johnny Boychuk",BOS,D,18,12,,,,0,2,-2,0,19,0,14,31,0
337,"Greg Zanon",COL,D,18,10,,,,0,3,0,8,8,0,12,24,0
338,"Raffi Torres",PHX,LW,18,14,,,,1,3,-2,4,20,0,26,4,3
339,"Clarke MacArthur",TOR,LW,17,11,,,,2,5,0,2,10,1,14,5,3
340,"Kevin Shattenkirk",STL,D,17,13,,,,0,4,0,0,21,1,16,14,0
341,"Thomas Vanek",BUF,LW,17,9,,,,4,2,2,2,21,2,0,1,1
342,"Dave Bolland",CHI,C,17,10,,,,0,5,0,6,17,2,17,6,67
343,"Francis Bouillon",MTL,D,16,13,,,,1,2,-1,4,9,0,26,18,0
344,"Jason Chimera",WSH,LW,16,14,,,,1,1,-3,10,25,0,18,4,7
345,"Tyler Kennedy",PIT,LW,16,13,,,,3,1,-5,9,30,1,4,3,4
346,"Daniel Paille",BOS,LW,16,15,,,,3,2,-1,2,23,0,21,1,0
347,"Karl Alzner",WSH,D,16,14,,,,0,3,3,4,9,0,11,23,0
348,"Steve Eminger",NYR,D,16,14,,,,0,0,1,4,9,0,26,24,0
349,"Jay Bouwmeester",CGY,D,16,13,,,,2,2,-5,4,13,1,15,20,0
350,"Radko Gudas",TBL,D,16,8,,,,1,0,2,2,13,0,32,14,0
351,"Pierre-Marc Bouchard",MIN,RW,16,9,,,,2,7,1,0,14,2,2,2,0
352,"Josh Gorges",MTL,D,15,13,,,,1,2,0,0,12,0,20,23,0
353,"Josh Bailey",NYI,LW,15,13,,,,4,1,2,2,23,0,9,3,6
354,"Niklas Hjalmarsson",CHI,D,15,11,,,,0,2,3,6,11,0,10,22,0
355,"Scott Gomez",SJS,C,15,14,,,,2,6,-6,6,22,3,1,5,77
356,"Andrej Sekera",BUF,D,15,8,,,,1,4,6,2,6,0,5,20,0
357,"Patrick Kaleta",BUF,RW,14,7,,,,0,0,-2,26,8,0,12,6,2
358,"Marian Hossa",CHI,RW,14,7,,,,4,2,5,2,18,1,4,0,0
359,"Vernon Fiddler",DAL,LW,14,11,,,,0,1,-2,11,15,0,11,8,62
360,"Stephen Gionta",NJD,RW,14,13,,,,1,2,1,2,14,0,26,3,41
361,"Matt Hunwick",COL,D,14,14,,,,0,3,-1,4,21,0,12,18,0
362,"Pierre-Cedric Labrie",TBL,LW,14,8,,,,0,1,0,19,8,0,19,2,0
363,"Tim Erixon",CBJ,D,13,12,,,,0,3,0,4,12,2,4,19,0
364,"Jamie McBain",CAR,D,13,13,,,,0,2,4,4,14,0,9,20,0
365,"Kevin Bieksa",VAN,D,13,10,,,,0,1,-2,12,19,0,18,11,0
366,"Mark Letestu",CBJ,C,12,13,,,,2,3,0,0,28,2,12,6,56
367,"Brian McGrattan",CGY,RW,12,11,,,,0,0,-5,32,6,0,13,2,0
368,"Rich Peverley",BOS,C,12,14,,,,2,5,-4,0,24,3,6,8,58
369,"Jonas Hiller",ANA,G,12,10,5,0.8965,2.875,,,,,,,,,
370,"Frazer McLaren",TOR,LW,12,11,,,,1,0,-1,21,4,0,15,4,2
371,"Anton Volchenkov",NJD,D,12,10,,,,1,2,3,6,10,0,20,9,0
372,"Kyle Brodziak",MIN,C,11,12,,,,4,1,-3,4,28,1,9,3,103
373,"Thomas Hickey",NYI,D,11,12,,,,0,2,6,0,13,0,8,22,0
374,"Gregory Campbell",BOS,C,11,15,,,,0,3,-1,12,15,0,23,9,55
375,"Maxim Lapierre",VAN,C,11,15,,,,1,1,-2,10,15,0,30,3,106
376,"Jordin Tootoo",DET,RW,10,10,,,,0,1,0,21,8,1,9,1,0
377,"Chris Higgins",VAN,LW,10,14,,,,4,0,-4,4,14,0,10,11,29
378,"Jordie Benn",DAL,D,10,10,,,,1,2,1,4,10,3,8,8,0
379,"Ryan Johansen",CBJ,C,10,13,,,,0,4,-1,6,23,1,8,8,95
380,"Andy Greene",NJD,D,10,13,,,,0,3,3,2,13,0,15,15,0
381,"Cam Fowler",ANA,D,10,14,,,,0,4,-5,0,25,1,7,19,0
382,"Matt Frattin",TOR,RW,10,9,,,,0,2,-1,2,19,0,29,6,1
383,"Artem Anisimov",CBJ,C,9,10,,,,4,2,0,2,20,1,4,8,91
384,"Alec Martinez",LAK,D,9,13,,,,0,3,2,2,11,1,15,13,0
385,"Deryk Engelland",PIT,D,9,11,,,,0,2,-3,7,8,0,23,18,0
386,"Radim Vrbata",PHX,RW,9,5,,,,2,3,1,0,15,3,5,1,0
387,"Olli Jokinen",WPG,C,9,15,,,,1,2,-8,4,20,0,37,8,98
388,"Drayson Bowman",CAR,LW,9,12,,,,1,1,1,5,9,0,21,9,0
389,"Chris Porter",STL,LW,9,12,,,,1,0,1,0,19,0,33,2,2
390,"Ondrej Palat",TBL,LW,8,12,,,,2,2,3,0,14,0,22,1,0
391,"Nicklas Grossmann",PHI,D,8,8,,,,0,1,-1,6,3,0,24,21,0
392,"Brandon Prust",MTL,LW,8,5,,,,2,2,4,5,7,0,13,4,1
393,"Daniel Cleary",DET,RW,8,13,,,,2,1,-1,4,21,1,12,3,3
394,"Victor Bartley",NSH,D,7,11,,,,0,2,3,6,9,0,16,13,0
395,"Jared Boll",CBJ,RW,7,13,,,,1,1,-2,15,7,0,19,4,0
396,"Tom Sestito",VAN,LW,7,14,,,,0,0,-2,24,5,0,17,0,0
397,"Erik Condra",OTT,RW,7,13,,,,0,3,0,8,19,0,6,8,3
398,"Drew Stafford",BUF,RW,7,11,,,,4,1,-3,2,26,0,12,1,8
399,"Colton Gillies",CBJ,LW,7,8,,,,1,1,1,4,10,0,25,5,0
400,"Rob Scuderi",LAK,D,6,15,,,,0,7,-2,0,6,0,9,20,0
401,"Mike Rupp",MIN,C,6,9,,,,0,2,0,28,11,0,10,5,4
402,"Jamie McGinn",COL,LW,5,13,,,,3,0,-7,2,34,0,16,3,1
403,"Matt Halischuk",NSH,RW,5,8,,,,2,3,4,2,15,0,5,5,0
404,"Korbinian Holzer",TOR,D,5,7,,,,0,1,-9,9,4,0,27,24,0
405,"Ryan O'Byrne",COL,D,5,12,,,,0,0,-7,11,7,0,31,16,0
406,"Corey Crawford",CHI,G,5,8,4,0.9325,1.74,,,,,,,,,
407,"Anton Khudobin",BOS,G,5,6,4,0.9105,2.5,,,,,,,,,
408,"Mike Smith",PHX,G,5,10,4,0.9025,2.805,,,,,,,,,
409,"Tuukka Rask",BOS,G,5,10,4,0.928,1.92,,,,,,,,,
410,"Ben Bishop",OTT,G,5,6,4,0.9315,2.245,,,,,,,,,
411,"TJ Brodie",CGY,D,4,13,,,,0,3,-5,4,13,2,5,18,0
412,"Ryan Carter",NJD,C,4,13,,,,1,4,-2,8,27,0,15,7,10
413,"Braydon Coburn",PHI,D,4,11,,,,0,0,-1,2,10,0,28,18,0
414,"Jeff Skinner",CAR,C,4,13,,,,2,2,-6,6,48,1,8,4,0
415,"Erik Gudbranson",FLA,D,4,13,,,,0,1,-11,8,20,0,32,12,0
416,"Brandon Yip",NSH,RW,4,10,,,,1,2,-1,9,11,0,17,3,0
417,"Joel Ward",WSH,RW,4,14,,,,0,4,-4,4,11,1,11,9,18
418,"Colby Robak",FLA,D,3,13,,,,0,1,0,17,11,0,4,10,0
419,"Damien Brunner",DET,RW,3,12,,,,0,5,-5,2,22,2,9,1,0
420,"Jonathan Ericsson",DET,D,3,13,,,,0,1,-1,11,12,0,17,9,0
421,"Boyd Gordon",PHX,C,3,14,,,,1,3,2,2,16,0,4,12,117
422,"Brian Lashoff",DET,D,3,12,,,,0,1,-4,11,9,0,15,17,0
423,"David Desharnais",MTL,C,3,13,,,,4,3,-2,2,17,0,5,7,104
424,"Nikita Nikitin",CBJ,D,3,11,,,,1,2,1,0,15,1,4,16,0
425,"Andrew Alberts",VAN,D,3,11,,,,0,1,1,8,6,0,17,14,0
426,"Jacob Markstrom",FLA,G,3,10,4,0.9165,2.875,,,,,,,,,
427,"Adam Larsson",NJD,D,3,12,,,,0,2,1,2,8,0,12,21,0
428,"Vladimir Tarasenko",STL,RW,2,6,,,,2,2,1,0,19,2,4,1,1
429,"Colby Armstrong",MTL,RW,2,13,,,,2,0,-1,6,15,0,13,8,0
430,"Peter Harrold",NJD,D,2,10,,,,2,1,-4,2,18,2,15,5,0
431,"Antti Miettinen",WPG,RW,2,14,,,,2,1,-3,2,17,0,25,3,0
432,"Mikael Backlund",CGY,C,2,9,,,,1,4,0,6,15,1,9,8,48
433,"Derek MacKenzie",CBJ,C,2,10,,,,1,2,-4,12,5,0,34,5,55
434,"Nail Yakupov",EDM,RW,2,13,,,,0,4,-2,6,13,1,12,2,0
435,"Simon Despres",PIT,D,1,10,,,,0,1,4,2,10,0,19,12,0
436,"Erik Cole",DAL,RW,1,11,,,,2,0,-5,4,18,0,17,10,4
437,"Cory Conacher",TBL,LW,1,13,,,,2,4,-5,4,14,0,11,4,0
438,"Matthew Carle",TBL,D,1,13,,,,0,2,0,0,17,0,5,22,0
439,"Alexei Ponikarovsky",NJD,LW,0,10,,,,0,1,-2,2,15,0,33,1,1
440,"Ryan Malone",TBL,LW,0,6,,,,1,1,0,2,12,1,20,1,2
441,"Dale Weise",VAN,RW,-1,12,,,,1,2,-2,5,11,0,24,1,0
442,"Craig Smith",NSH,C,-1,9,,,,0,4,-8,6,19,4,12,6,22
443,"Wade Redden",STL,D,-1,12,,,,0,3,4,4,11,0,3,12,0
444,"Tanner Glass",PIT,LW,-1,14,,,,0,0,-1,6,5,0,30,5,4
445,"Marc-Edouard Vlasic",SJS,D,-2,14,,,,0,1,0,0,16,0,5,24,0
446,"Michael Frolik",CHI,RW,-2,9,,,,2,2,1,2,19,0,1,6,6
447,"Bryce Salvador",NJD,D,-2,12,,,,0,1,-6,6,13,0,8,25,0
448,"Ryan Ellis",NSH,D,-2,10,,,,0,0,-3,11,17,0,13,10,0
449,"Jussi Jokinen",CAR,C,-2,11,,,,3,3,-1,4,24,1,2,5,31
450,"T.J. Oshie",STL,C,-3,10,,,,2,3,-4,8,23,1,6,10,0
451,"Bobby Sanguinetti",CAR,D,-3,9,,,,0,2,1,0,12,1,16,9,0
452,"David Booth",VAN,LW,-3,8,,,,1,2,-1,4,20,0,10,1,1
453,"Tim Jackman",CGY,RW,-3,12,,,,0,1,-3,12,7,0,21,3,3
454,"Ryan Jones",EDM,LW,-4,11,,,,1,2,-2,4,10,0,17,4,1
455,"Bobby Butler",NSH,RW,-4,11,,,,0,4,-2,4,13,2,6,0,0
456,"Sergei Kostitsyn",NSH,LW,-4,11,,,,1,3,0,0,9,1,7,6,3
457,"Ville Leino",BUF,LW,-4,7,,,,0,4,-1,6,9,1,5,2,2
458,"TJ Brennan",FLA,D,-4,9,,,,2,1,-3,2,11,2,6,10,0
459,"Riley Nash",CAR,C,-5,12,,,,3,3,4,2,15,0,10,1,51
460,"Jamie Oleksiak",DAL,D,-5,7,,,,0,1,-3,12,5,0,18,9,0
461,"Tyler Johnson",TBL,C,-5,7,,,,3,3,6,4,6,0,10,3,42
462,"Mathieu Perreault",WSH,C,-5,11,,,,3,2,2,6,11,1,7,2,50
463,"Nick Spaling",NSH,C,-5,12,,,,3,2,2,4,14,0,9,5,54
464,"David Schlemko",PHX,D,-5,8,,,,0,1,1,8,8,0,9,12,0
465,"Ruslan Fedotenko",PHI,LW,-5,11,,,,0,3,3,2,9,0,9,4,8
466,"Wojtek Wolski",WSH,LW,-5,5,,,,2,2,5,0,7,1,2,2,0
467,"Corey Potter",EDM,D,-6,8,,,,1,1,3,0,7,1,15,7,0
468,"Marcus Johansson",WSH,C,-6,10,,,,3,6,4,0,16,0,4,2,17
469,"Gabriel Dumont",MTL,C,-6,8,,,,0,2,0,13,13,0,16,6,28
470,"Steve Begin",CGY,LW,-6,11,,,,1,0,-3,5,6,0,21,5,23
471,"Chris Butler",CGY,D,-6,12,,,,0,1,-3,2,7,0,17,20,0
472,"Andrej Meszaros",PHI,D,-6,7,,,,0,2,-8,2,13,1,12,19,0
473,"Brenden Morrow",PIT,LW,-6,10,,,,1,0,-2,6,9,0,15,7,2
474,"Travis Moen",MTL,LW,-7,13,,,,0,0,-3,11,4,0,25,2,0
475,"Simon Gagne",PHI,LW,-7,11,,,,1,1,-4,4,18,1,5,5,1
476,"Steve Sullivan",PHX,LW,-8,14,,,,1,3,-6,2,17,2,6,0,0
477,"Michael Kostka",TOR,D,-8,8,,,,0,0,-2,4,13,0,16,14,0
478,"Alex Killorn",TBL,C,-8,10,,,,0,4,-3,8,18,0,21,6,2
479,"Andrew Shaw",CHI,C,-8,11,,,,2,1,0,7,15,1,11,3,43
480,"Jordan Schroeder",VAN,RW,-9,12,,,,1,3,1,0,7,0,3,6,42
481,"Jochen Hecht",BUF,C,-9,12,,,,2,1,3,4,17,0,7,10,27
482,"Chris Thorburn",WPG,RW,-9,11,,,,0,0,-4,16,5,0,18,1,3
483,"Matt Kassian",OTT,LW,-9,7,,,,1,0,1,7,2,0,17,3,0
484,"Eric Tangradi",WPG,C,-9,15,,,,1,1,-1,5,13,0,32,7,0
485,"Kyle Wellwood",WPG,C,-9,14,,,,2,4,-2,2,14,2,7,5,20
486,"Matthew Lombardi",PHX,C,-9,11,,,,2,1,0,4,22,0,11,6,40
487,"TJ Galiardi",SJS,LW,-10,8,,,,0,4,1,2,10,0,6,3,0
488,"Ian White",DET,D,-10,7,,,,1,1,6,2,6,0,5,9,1
489,"John Scott",BUF,LW,-10,5,,,,0,0,0,19,1,0,5,1,0
490,"Adam Burish",SJS,RW,-10,12,,,,1,0,-3,2,11,0,10,10,35
491,"J.t. Miller",NYR,C,-10,13,,,,0,0,-3,4,24,0,25,9,36
492,"Cam Barker",VAN,D,-11,6,,,,0,2,2,4,14,0,5,7,0
493,"Taylor Pyatt",NYR,LW,-11,14,,,,0,0,-4,0,15,0,24,7,0
494,"Johnny Oduya",CHI,D,-11,11,,,,2,1,-4,0,17,0,2,16,0
495,"Leo Komarov",TOR,C,-12,9,,,,0,1,0,2,13,0,38,6,6
496,"Peter Budaj",MTL,G,-12,3,3,0.9055,2.46,,,,,,,,,
497,"Ray Emery",CHI,G,-12,5,3,0.923,2.055,,,,,,,,,
498,"Devan Dubnyk",EDM,G,-12,11,3,0.9175,2.72,,,,,,,,,
499,"Jonathan Bernier",LAK,G,-12,5,3,0.927,1.79,,,,,,,,,
500,"Robin Lehner",OTT,G,-12,7,3,0.9485,1.97,,,,,,,,,
501,"Ilya Bryzgalov",PHI,G,-12,11,3,0.9005,2.76,,,,,,,,,
502,"Alexander Steen",STL,C,-12,7,,,,2,3,0,0,32,0,3,7,1
503,"James Sheppard",SJS,C,-12,13,,,,1,1,-6,6,18,0,32,7,1
504,"Aaron Palushaj",COL,RW,-12,11,,,,0,3,-5,4,13,0,13,5,0
505,"Jordan Caron",BOS,RW,-12,10,,,,0,2,1,4,6,0,13,4,0
506,"Mark Eaton",PIT,D,-12,12,,,,0,0,5,2,4,0,2,19,0
507,"Brandon Bollig",CHI,LW,-13,7,,,,0,0,0,7,14,0,11,1,0
508,"Bryan Allen",ANA,D,-13,8,,,,0,2,-5,9,2,0,8,16,0
509,"John Erskine",WSH,D,-13,4,,,,1,1,3,5,3,0,6,9,0
510,"Drew Shore",FLA,C,-13,15,,,,0,1,-8,8,25,0,16,6,80
511,"Kaspars Daugavins",OTT,LW,-13,5,,,,1,0,-1,9,8,0,7,2,6
512,"Ryan Miller",BUF,G,-13,11,3,0.914,2.87,,,,,,,,,
513,"Matt Read",PHI,RW,-14,9,,,,0,2,-4,0,14,1,8,8,5
514,"Ryan Smyth",EDM,LW,-14,13,,,,0,1,-2,0,14,0,5,8,41
515,"Peter Holland",ANA,C,-14,12,,,,2,1,4,0,17,0,11,3,56
516,"Michal Rozsival",CHI,D,-14,8,,,,0,1,3,4,5,0,12,7,0
517,"John-Michael Liles",TOR,D,-14,6,,,,0,1,0,2,8,0,13,11,0
518,"Vincent Lecavalier",TBL,C,-15,6,,,,1,4,1,2,12,0,7,4,68
519,"Adam Hall",CAR,RW,-15,9,,,,0,1,-1,0,4,0,23,6,11
520,"Justin Braun",SJS,D,-15,9,,,,0,2,-5,4,6,1,8,13,0
521,"Keith Ballard",VAN,D,-15,8,,,,0,1,1,2,14,0,14,4,0
522,"Ryan White",MTL,RW,-15,9,,,,0,0,-1,4,2,0,14,8,33
523,"Jack Hillen",WSH,D,-16,7,,,,0,0,0,8,7,0,6,11,0
524,"Eric Selleck",FLA,LW,-16,1,,,,0,0,0,17,1,0,4,0,0
525,"Andrew Desjardins",SJS,C,-16,13,,,,0,0,-4,16,14,0,21,4,12
526,"Torrey Mitchell",MIN,C,-16,12,,,,2,1,-2,9,14,0,9,10,0
527,"Jason Zucker",MIN,LW,-16,8,,,,1,1,4,2,10,0,4,0,0
528,"Zenon Konopka",MIN,C,-16,10,,,,0,0,-1,23,1,0,9,3,50
529,"Paul Bissonnette",PHX,LW,-16,6,,,,0,1,-1,9,5,0,9,2,0
530,"Andrei Loktionov",NJD,C,-16,11,,,,4,1,-4,2,15,2,4,3,34
531,"Tom Kostopoulos",NJD,RW,-17,10,,,,0,0,-1,6,8,0,17,2,3
532,"Alex Galchenyuk",MTL,C,-17,13,,,,0,3,2,4,20,0,10,6,2
533,"Patrick Eaves",DET,RW,-17,10,,,,0,2,0,2,9,0,11,3,5
534,"Taylor Beck",NSH,RW,-17,5,,,,1,2,1,0,15,0,3,2,2
535,"Radek Martinek",NYI,D,-17,7,,,,2,0,0,2,6,0,6,11,0
536,"Tomas Kundratek",WSH,D,-17,7,,,,1,1,0,2,9,0,4,11,0
537,"Jay Beagle",WSH,C,-17,14,,,,1,0,1,2,15,0,16,5,68
538,"Patric Hornqvist",NSH,RW,-17,5,,,,1,1,0,2,13,1,4,0,0
539,"Derek Meech",WPG,D,-17,11,,,,0,0,0,2,5,0,21,8,0
540,"Mikhail Grabovski",TOR,C,-18,13,,,,2,2,-6,0,22,1,7,4,74
541,"Kevin Porter",BUF,C,-18,13,,,,0,2,-4,2,11,1,20,8,47
542,"Matt D'Agostini",NJD,RW,-18,10,,,,0,1,0,0,11,0,12,6,0
543,"Kevin Westgarth",CAR,RW,-18,8,,,,0,0,0,12,3,0,9,1,0
544,"Scottie Upshall",FLA,RW,-19,7,,,,1,0,0,4,14,0,8,0,2
545,"Cory Emmerton",DET,C,-19,13,,,,1,2,0,0,16,1,5,7,49
546,"Semyon Varlamov",COL,G,-19,12,3,0.905,2.94,,,,,,,,,
547,"Justin Schultz",EDM,D,-19,13,,,,0,2,-7,2,13,2,3,9,0
548,"Jake Gardiner",TOR,D,-19,5,,,,0,2,3,0,5,1,3,7,0
549,"Dave Dziurzynski",OTT,LW,-20,5,,,,0,0,-2,9,5,0,10,3,0
550,"Marty Reasoner",NYI,C,-20,12,,,,0,2,2,2,19,0,9,3,55
551,"Jonathon Blum",NSH,D,-20,8,,,,0,2,1,4,8,0,4,6,0
552,"Tom Gilbert",MIN,D,-20,9,,,,0,1,-3,6,5,1,5,9,0
553,"Zack Kassian",VAN,RW,-20,8,,,,0,0,-3,7,10,0,16,0,3
554,"Tom Pyatt",TBL,C,-21,12,,,,2,0,0,0,22,0,5,11,28
555,"Adrian Aucoin",CBJ,D,-21,10,,,,0,0,0,6,9,0,13,3,0
556,"George Parros",FLA,RW,-21,9,,,,0,1,-3,5,5,0,15,4,0
557,"Keith Aucoin",NYI,C,-21,8,,,,1,3,-2,2,12,0,11,8,35
558,"Jay Pandolfo",BOS,LW,-21,12,,,,0,0,-2,2,5,0,14,8,1
559,"Zach Boychuk",NSH,LW,-21,5,,,,1,1,1,4,8,0,3,0,0
560,"Nolan Yonkman",FLA,D,-21,7,,,,0,0,-1,11,4,0,12,2,0
561,"Joey Crabb",WSH,RW,-21,8,,,,1,0,0,4,7,0,5,5,2
562,"David Jones",COL,RW,-22,10,,,,0,0,-3,0,16,0,16,4,1
563,"Joni Pitkanen",CAR,D,-22,7,,,,0,2,-4,2,10,0,6,12,0
564,"Brian Flynn",BUF,C,-22,12,,,,3,2,1,0,23,0,0,4,10
565,"Harrison Zolnierczyk",PHI,LW,-22,2,,,,0,0,0,15,0,0,1,0,0
566,"Jordan Nolan",LAK,C,-23,12,,,,1,1,-2,14,8,0,16,1,0
567,"Jimmy Hayes",CHI,RW,-23,6,,,,1,1,1,0,9,0,4,4,1
568,"Jason Demers",SJS,D,-23,8,,,,1,0,-1,2,10,0,8,7,0
569,"Aaron Volpatti",WSH,LW,-24,5,,,,0,1,1,5,1,0,9,1,0
570,"Patrick Maroon",ANA,LW,-24,4,,,,1,0,0,5,2,0,6,3,0
571,"Kyle Quincey",DET,D,-24,7,,,,0,1,-3,0,12,1,3,10,0
572,"Kyle Chipchura",PHX,C,-24,12,,,,0,2,-3,11,10,0,15,1,29
573,"Matt Carkner",NYI,D,-25,5,,,,0,1,-1,4,4,0,14,4,0
574,"Roman Cervenka",CGY,C,-25,10,,,,3,1,-5,4,15,2,2,1,30
575,"Stu Bickel",NYR,D,-25,4,,,,0,0,0,16,0,0,3,0,0
576,"Dmitry Kulikov",FLA,D,-26,5,,,,0,0,-1,4,6,0,8,9,0
577,"Aaron Johnson",BOS,D,-26,5,,,,0,0,3,6,3,0,10,1,0
578,"Micheal Haley",NYR,C,-26,9,,,,0,0,-1,12,4,0,21,5,2
579,"Bruno Gervais",PHI,D,-26,10,,,,0,1,-4,6,7,0,6,8,0
580,"Milan Hejduk",COL,RW,-26,7,,,,1,1,-2,0,8,1,1,4,0
581,"Tyler Toffoli",LAK,C,-27,5,,,,2,2,4,2,10,1,3,1,0
582,"Andrew Ebbett",VAN,C,-27,9,,,,1,3,1,0,11,0,5,6,39
583,"Steven Pinizzotto",VAN,RW,-27,5,,,,0,0,-2,7,3,0,13,1,0
584,"Tim Wallace",CAR,RW,-27,9,,,,0,0,-6,0,9,0,27,1,2
585,"Johan Hedberg",NJD,G,-27,10,3,0.893,2.645,,,,,,,,,
586,"Marcus Kruger",CHI,C,-27,11,,,,0,3,1,4,7,0,2,5,68
587,"Brooks Laich",WSH,C,-28,5,,,,1,1,2,6,7,0,10,3,24
588,"Richard Panik",TBL,RW,-28,3,,,,0,1,2,2,6,0,5,1,1
589,"Evgeni Malkin",PIT,C,-28,4,,,,2,2,5,0,14,0,1,1,23
590,"Milan Michalek",OTT,LW,-28,2,,,,0,2,0,0,6,1,1,0,0
591,"Viktor Fasth",ANA,G,-28,5,2,0.923,2.095,,,,,,,,,
592,"Mathieu Garon",TBL,G,-28,6,2,0.9095,2.825,,,,,,,,,
593,"Martin Brodeur",NJD,G,-28,3,2,0.9115,2.175,,,,,,,,,
594,"Roberto Luongo",VAN,G,-28,5,2,0.91,2.29,,,,,,,,,
595,"Reilly Smith",DAL,RW,-29,9,,,,0,2,-2,0,8,0,10,1,2
596,"Ryan Hamilton",TOR,LW,-29,4,,,,0,1,0,0,2,0,11,3,0
597,"Zbynek Michalek",PHX,D,-29,5,,,,0,0,0,2,4,0,5,11,0
598,"Krystofer Barch",NJD,RW,-29,6,,,,0,0,3,5,2,0,6,0,0
599,"Scott Nichol",STL,C,-29,13,,,,1,0,1,6,5,0,7,6,54
600,"Tobias Enstrom",WPG,D,-29,3,,,,2,0,0,0,3,1,1,5,0
601,"Kyle Palmieri",ANA,C,-29,9,,,,0,3,-2,5,17,0,10,3,0
602,"Nathan Gerbe",BUF,C,-29,11,,,,2,1,0,2,20,0,6,3,0
603,"Patrick Sharp",CHI,RW,-29,3,,,,0,1,-1,0,15,0,2,2,5
604,"Mark Fayne",NJD,D,-29,5,,,,0,2,-2,2,7,0,3,7,0
605,"Mike Green",WSH,D,-29,4,,,,1,0,1,0,7,0,2,8,0
606,"Mark Fistric",EDM,D,-29,4,,,,0,0,-1,0,2,0,15,9,0
607,"Jonathan Rheault",FLA,RW,-30,5,,,,0,0,0,0,5,0,12,4,0
608,"Eric Boulton",NYI,LW,-30,5,,,,0,0,-1,5,1,0,10,1,0
609,"Sheldon Brookbank",CHI,D,-31,5,,,,1,0,-1,2,6,0,5,6,0
610,"Jeff Schultz",WSH,D,-31,9,,,,0,0,-3,4,3,0,4,13,0
611,"Tyson Barrie",COL,D,-31,5,,,,0,2,-1,0,10,0,7,2,0
612,"Brayden Schenn",PHI,C,-31,11,,,,0,1,-11,4,19,0,24,4,51
613,"David Steckel",ANA,C,-31,10,,,,0,1,-1,0,11,0,15,6,54
614,"Derek Smith",CGY,D,-31,8,,,,0,1,-4,4,3,0,3,12,0
615,"Joakim Andersson",DET,C,-31,13,,,,0,2,1,2,10,0,5,6,47
616,"Marc-Andre Bergeron",TBL,D,-32,2,,,,0,1,0,2,6,1,2,2,0
617,"Tuomo Ruutu",CAR,LW,-32,3,,,,0,1,-2,2,3,0,10,1,0
618,"Roman Hamrlik",NYR,D,-32,10,,,,0,0,-2,6,3,0,4,8,0
619,"Kris Versteeg",FLA,LW,-32,3,,,,1,0,-1,2,8,0,1,1,0
620,"Jarred Tinordi",MTL,D,-32,6,,,,0,1,2,2,5,0,3,3,0
621,"Brett Bellemore",CAR,D,-33,3,,,,0,0,0,7,1,0,6,3,0
622,"Darroll Powe",NYR,C,-33,12,,,,0,0,-1,4,6,0,25,4,15
623,"Alexander Burmistrov",WPG,C,-33,11,,,,0,1,-1,2,7,0,21,5,19
624,"Dmitry Orlov",WSH,D,-33,5,,,,0,1,5,0,1,0,2,4,0
625,"Brett Sutter",CAR,LW,-34,3,,,,0,0,-1,4,2,0,7,0,8
626,"Adam Cracknell",STL,RW,-34,7,,,,0,1,-1,2,5,0,6,1,0
627,"Nate Prosser",MIN,D,-34,3,,,,0,0,2,2,3,0,2,7,0
628,"Joe Vitale",PIT,C,-34,11,,,,2,0,-1,2,8,0,13,3,33
629,"Cam Ward",CAR,G,-34,2,2,0.906,2.92,,,,,,,,,
630,"Colin Wilson",NSH,C,-34,4,,,,2,2,2,0,3,2,1,2,3
631,"Lennart Petrell",EDM,C,-34,10,,,,1,1,0,2,6,0,18,4,2
632,"Tim Kennedy",SJS,LW,-35,5,,,,0,0,-2,0,12,0,5,1,1
633,"Valtteri Filppula",DET,C,-35,8,,,,2,1,-4,2,13,1,4,4,19
634,"Brian Lee",TBL,D,-35,5,,,,0,0,-2,0,4,0,16,4,0
635,"Arron Asham",NYR,RW,-35,3,,,,1,0,1,0,2,0,6,1,1
636,"David Ullstrom",NYI,LW,-35,5,,,,0,0,1,0,4,0,8,0,1
637,"Ryan Wilson",COL,D,-35,4,,,,0,0,-2,2,8,0,8,4,0
638,"Brad Staubitz",ANA,RW,-35,4,,,,0,1,0,2,0,0,6,2,0
639,"Daniel Carcillo",CHI,LW,-35,7,,,,1,0,-3,2,3,0,7,1,0
640,"Jaden Schwartz",STL,C,-35,13,,,,1,1,-4,2,17,0,12,5,6
641,"Chad Larose",CAR,LW,-36,2,,,,0,0,1,0,5,0,6,0,1
642,"Scott Hannan",NSH,D,-36,8,,,,0,0,-2,2,3,0,5,9,0
643,"Mark Stone",OTT,RW,-37,4,,,,0,0,-1,2,3,0,10,0,1
644,"Tomas Kaberle",MTL,D,-37,3,,,,0,2,1,0,2,0,0,5,0
645,"Jamal Mayers",CHI,RW,-37,4,,,,0,0,-1,2,2,0,7,2,5
646,"Paul Gaustad",NSH,C,-37,5,,,,0,1,1,4,6,0,8,2,49
647,"Anders Lindback",TBL,G,-38,7,3,0.8965,3.075,,,,,,,,,
648,"Brandon Dubinsky",CBJ,C,-38,4,,,,0,1,-1,0,9,1,10,2,44
649,"Chris Mueller",NSH,C,-38,6,,,,2,1,1,0,7,0,4,3,36
650,"Cory Sarich",CGY,D,-38,6,,,,0,1,-3,2,2,0,10,3,0
651,"Marc Staal",NYR,D,-39,2,,,,0,0,0,2,4,0,5,3,0
652,"James Wright",WPG,C,-39,11,,,,1,0,-6,7,13,0,13,4,4
653,"Theo Peckham",EDM,D,-40,2,,,,0,0,-1,4,1,0,10,0,0
654,"Chris Terry",CAR,LW,-40,3,,,,1,0,0,0,1,0,1,1,1
655,"Anthony Peluso",WPG,RW,-40,1,,,,0,0,0,5,0,0,2,0,0
656,"Peter Regin",OTT,C,-40,10,,,,0,1,0,2,9,0,5,5,40
657,"Erik Gustafsson",PHI,D,-40,5,,,,0,0,-8,0,8,0,6,13,0
658,"Joe Finley",NYI,D,-40,4,,,,0,0,1,2,0,0,4,4,0
659,"Stephen Weiss",FLA,C,-41,2,,,,0,0,-2,19,0,0,1,1,17
660,"John Moore",CBJ,D,-41,4,,,,0,0,-1,0,5,0,3,6,0
661,"Jeff Halpern",MTL,C,-41,13,,,,0,0,-2,2,7,0,15,5,35
662,"Mike Santorelli",FLA,C,-42,14,,,,2,1,-2,0,15,0,4,2,12
663,"Jeremy Welsh",CAR,LW,-42,1,,,,0,1,1,0,0,0,0,0,1
664,"Nick Bonino",ANA,C,-42,5,,,,0,1,1,0,4,0,3,12,21
665,"Mike Knuble",PHI,RW,-43,2,,,,1,0,1,0,1,0,0,0,0
666,"Mike Blunden",MTL,RW,-43,3,,,,0,0,0,2,2,0,1,1,0
667,"Mike Lundin",OTT,D,-43,4,,,,0,1,0,0,1,0,0,5,0
668,"Andrew Gordon",VAN,RW,-43,5,,,,0,0,0,0,2,0,4,1,0
669,"Dustin Jeffrey",PIT,C,-43,13,,,,0,2,-2,0,12,0,3,2,57
670,"Gustav Nyquist",DET,C,-44,7,,,,1,1,2,0,11,1,0,1,0
671,"Mark Olver",COL,C,-44,6,,,,1,1,1,0,8,0,9,1,11
672,"Paul Postma",WPG,D,-44,6,,,,0,0,-1,2,2,0,3,3,0
673,"Ben Eager",EDM,LW,-45,3,,,,0,0,-2,2,2,0,2,0,0
674,"Yann Danis",EDM,G,-45,2,1,0.9405,1.905,,,,,,,,,
675,"Dan Ellis",CAR,G,-45,6,1,0.9215,2.52,,,,,,,,,
676,"Jonas Gustavsson",DET,G,-45,3,1,0.907,2.24,,,,,,,,,
677,"Nikolai Khabibulin",EDM,G,-45,3,1,0.9325,2.21,,,,,,,,,
678,"Jason LaBarbera",PHX,G,-45,6,1,0.913,2.66,,,,,,,,,
679,"Martin Biron",NYR,G,-45,1,1,0.917,2.34,,,,,,,,,
680,"Ben Scrivens",TOR,G,-45,5,1,0.9205,2.5,,,,,,,,,
681,"Philip Larsen",DAL,D,-45,4,,,,1,0,-1,0,4,0,3,0,0
682,"Hal Gill",NSH,D,-45,3,,,,0,0,2,0,1,0,2,2,0
683,"Torey Krug",BOS,D,-45,1,,,,0,1,-1,0,0,1,0,1,0
684,"Alexander Killorn",TBL,C,-45,3,,,,2,1,0,0,6,1,1,2,0
685,"Derek Dorsett",CBJ,RW,-46,3,,,,0,0,-3,0,6,0,5,0,0
686,"Kurtis Foster",PHI,D,-46,4,,,,0,0,-2,2,3,0,1,4,0
687,"Nick Johnson",PHX,RW,-46,3,,,,0,0,0,0,2,0,1,1,0
688,"Adam Pardy",BUF,D,-46,2,,,,0,0,1,2,0,0,3,0,0
689,"Tom Poti",WSH,D,-46,6,,,,0,0,1,0,1,0,0,4,0
690,"Brendan Mikkelson",TBL,D,-46,1,,,,0,0,0,4,0,0,0,1,0
691,"Jaroslav Halak",STL,G,-46,6,1,0.899,2.045,,,,,,,,,
692,"Henrik Tallinder",NJD,D,-46,3,,,,0,0,1,0,3,0,2,1,0
693,"Mark Pysyk",BUF,D,-47,5,,,,0,0,-1,0,5,0,1,3,0
694,"Cam Janssen",NJD,RW,-47,1,,,,0,0,0,2,0,0,0,0,0
695,"Cody Goloubef",CBJ,D,-47,3,,,,0,0,-2,0,8,0,4,0,0
696,"Benoit Pouliot",TBL,LW,-47,2,,,,0,0,-1,0,1,0,2,0,0
697,"Jim O'Brien",OTT,C,-47,9,,,,0,0,-1,0,10,0,9,4,31
698,"Sean Collins",CBJ,D,-47,1,,,,0,0,0,2,0,0,1,2,0
699,"Chris Summers",PHX,D,-48,1,,,,0,0,1,0,1,0,4,0,0
700,"Christian Thomas",NYR,LW,-48,0,,,,0,0,0,0,0,0,0,0,0
701,"Johan Larsson",MIN,LW,-48,0,,,,0,0,0,0,0,0,0,0,0
702,"Scott Laughton",PHI,LW,-48,0,,,,0,0,0,0,0,0,0,0,0
703,"Roman Horak",CGY,LW,-48,0,,,,0,0,0,0,0,0,0,0,0
704,"Eric Wellwood",PHI,LW,-48,0,,,,0,0,0,0,0,0,0,0,0
705,"Brandon Mashinter",NYR,LW,-48,0,,,,0,0,0,0,0,0,0,0,0
706,"Jan Mursak",DET,LW,-48,0,,,,0,0,0,0,0,0,0,0,0
707,"Mattias Tedenby",NJD,LW,-48,0,,,,0,0,0,0,0,0,0,0,0
708,"Darcy Hordichuk",EDM,LW,-48,0,,,,0,0,0,0,0,0,0,0,0
709,"David Van Der Gulik",COL,LW,-48,0,,,,0,0,0,0,0,0,0,0,0
710,"Jody Shelley",PHI,LW,-48,0,,,,0,0,0,0,0,0,0,0,0
711,"Andreas Nodl",CAR,LW,-48,0,,,,0,0,0,0,0,0,0,0,0
712,"Matt Ellis",BUF,LW,-48,0,,,,0,0,0,0,0,0,0,0,0
713,"Rene Bourque",MTL,LW,-48,0,,,,0,0,0,0,0,0,0,0,0
714,"Sven Baertschi",CGY,LW,-48,2,,,,0,0,-1,0,2,0,0,0,0
715,"Matt Bartkowski",BOS,D,-48,2,,,,0,0,-2,2,2,0,4,1,0
716,"Tye McGinn",PHI,LW,-48,1,,,,0,0,-2,0,2,0,2,0,0
717,"Michal Handzus",SJS,C,-48,9,,,,0,0,-2,6,7,0,6,2,26
718,"Radek Dvorak",ANA,RW,-48,1,,,,0,0,0,0,1,0,1,0,0
719,"Chris Bourque",BOS,LW,-48,2,,,,0,0,-2,0,1,0,1,1,0
720,"Aaron Rome",DAL,D,-49,1,,,,0,0,1,0,1,0,3,0,0
721,"Patrice Cormier",WPG,C,-49,7,,,,0,0,-1,5,3,0,14,2,1
722,"Jim Slater",WPG,C,-49,6,,,,0,0,-1,4,4,0,7,3,30
723,"Chris Kelly",BOS,C,-49,6,,,,1,0,-3,2,6,0,7,3,33
724,"Chris Kreider",NYR,C,-49,4,,,,1,0,0,0,10,0,8,2,0
725,"Stefan Elliott",COL,D,-50,3,,,,0,0,-3,0,4,0,3,3,0
726,"Matt Gilroy",NYR,D,-50,2,,,,0,0,0,2,0,0,1,0,0
727,"Mark Arcobello",EDM,RW,-50,0,,,,0,0,0,0,0,0,0,0,0
728,"Jamie Tardif",BOS,RW,-50,0,,,,0,0,0,0,0,0,0,0,0
729,"Rickard Rakell",ANA,RW,-50,0,,,,0,0,0,0,0,0,0,0,0
730,"Akim Aliu",CGY,RW,-50,0,,,,0,0,0,0,0,0,0,0,0
731,"Devante Smith-Pelly",ANA,RW,-50,0,,,,0,0,0,0,0,0,0,0,0
732,"Benn Ferriero",NYR,RW,-50,0,,,,0,0,0,0,0,0,0,0,0
733,"Brandon Segal",NYR,RW,-50,0,,,,0,0,0,0,0,0,0,0,0
734,"Steve Downie",COL,RW,-50,0,,,,0,0,0,0,0,0,0,0,0
735,"Mikael Samuelsson",DET,RW,-50,0,,,,0,0,0,0,0,0,0,0,0
736,"Todd Bertuzzi",DET,RW,-50,0,,,,0,0,0,0,0,0,0,0,0
737,"Alex Kovalev",FLA,RW,-50,0,,,,0,0,0,0,0,0,0,0,0
738,"Jamie Langenbrunner",STL,RW,-50,0,,,,0,0,0,0,0,0,0,0,0
739,"Yannick Weber",MTL,D,-51,1,,,,0,0,-1,2,0,0,2,0,0
740,"Matt Fraser",DAL,RW,-51,1,,,,0,0,-1,0,1,0,0,0,0
741,"Greg Pateryn",MTL,D,-51,3,,,,0,0,0,0,0,0,2,1,0
742,"Sean Couturier",PHI,C,-51,11,,,,0,0,-7,0,9,0,11,7,45
743,"Eric Belanger",EDM,C,-52,6,,,,0,1,-1,0,6,0,5,2,38
744,"Tomas Tatar",DET,C,-52,5,,,,1,0,1,2,7,0,5,0,0
745,"Davis Drewiske",LAK,D,-53,2,,,,0,0,-1,0,1,0,2,0,0
746,"Andy McDonald",STL,C,-54,5,,,,0,2,-2,2,11,0,1,0,8
747,"Tim Brent",CAR,C,-54,8,,,,0,1,-2,0,5,0,11,0,26
748,"Ryan Murphy",CAR,D,-54,0,,,,0,0,0,0,0,0,0,0,0
749,"Michal Jordan",CAR,D,-54,0,,,,0,0,0,0,0,0,0,0,0
750,"Zach Redmond",WPG,D,-54,0,,,,0,0,0,0,0,0,0,0,0
751,"Nick Petrecki",SJS,D,-54,0,,,,0,0,0,0,0,0,0,0,0
752,"Matthew Irwin",SJS,D,-54,0,,,,0,0,0,0,0,0,0,0,0
753,"Michael Caruso",FLA,D,-54,0,,,,0,0,0,0,0,0,0,0,0
754,"David Savard",CBJ,D,-54,0,,,,0,0,0,0,0,0,0,0,0
755,"Sami Vatanen",ANA,D,-54,0,,,,0,0,0,0,0,0,0,0,0
756,"Mark Borowiecki",OTT,D,-54,0,,,,0,0,0,0,0,0,0,0,0
757,"Robert Bortuzzo",PIT,D,-54,0,,,,0,0,0,0,0,0,0,0,0
758,"Raphael Diaz",MTL,D,-54,0,,,,0,0,0,0,0,0,0,0,0
759,"David Rundblad",PHX,D,-54,0,,,,0,0,0,0,0,0,0,0,0
760,"Brian Strait",NYI,D,-54,0,,,,0,0,0,0,0,0,0,0,0
761,"Marco Scandella",MIN,D,-54,0,,,,0,0,0,0,0,0,0,0,0
762,"Dylan Reese",PIT,D,-54,0,,,,0,0,0,0,0,0,0,0,0
763,"Nick Holden",CBJ,D,-54,0,,,,0,0,0,0,0,0,0,0,0
764,"Erik Karlsson",OTT,D,-54,0,,,,0,0,0,0,0,0,0,0,0
765,"Jordan Hendry",ANA,D,-54,0,,,,0,0,0,0,0,0,0,0,0
766,"Alexander Sulzer",BUF,D,-54,0,,,,0,0,0,0,0,0,0,0,0
767,"Marc-Andre Gragnani",CAR,D,-54,0,,,,0,0,0,0,0,0,0,0,0
768,"Matt Pelech",SJS,D,-54,0,,,,0,0,0,0,0,0,0,0,0
769,"Kent Huskins",DET,D,-54,0,,,,0,0,0,0,0,0,0,0,0
770,"Mike Weaver",FLA,D,-54,0,,,,0,0,0,0,0,0,0,0,0
771,"Mike Komisarek",TOR,D,-54,0,,,,0,0,0,0,0,0,0,0,0
772,"Andreas Lilja",PHI,D,-54,0,,,,0,0,0,0,0,0,0,0,0
773,"Matt Greene",LAK,D,-54,0,,,,0,0,0,0,0,0,0,0,0
774,"Anton Babchuk",CGY,D,-54,0,,,,0,0,0,0,0,0,0,0,0
775,"Carlo Colaiacovo",DET,D,-54,0,,,,0,0,0,0,0,0,0,0,0
776,"James Wisniewski",CBJ,D,-54,1,,,,0,0,-1,0,0,0,2,0,0
777,"Mikhail Grigorenko",BUF,C,-55,5,,,,0,2,2,0,6,0,0,0,10
778,"Cameron Schilling",WSH,D,-55,1,,,,0,0,-1,0,0,0,0,1,0
779,"Ed Jovanovski",FLA,D,-55,1,,,,0,0,-2,0,0,0,0,2,0
780,"Justin Peters",CAR,G,-56,6,2,0.899,3.17,,,,,,,,,
781,"Ian Cole",STL,D,-56,2,,,,0,0,-4,0,1,0,2,2,0
782,"Dana Tyrell",TBL,C,-57,6,,,,0,1,1,0,5,0,5,1,1
783,"Al Montoya",WPG,G,-58,3,1,0.894,2.82,,,,,,,,,
784,"Brandon McMillan",ANA,C,-59,6,,,,0,1,-1,2,2,0,4,1,12
785,"Tim Sestito",NJD,C,-59,3,,,,0,0,1,2,2,0,6,0,7
786,"Nick Drazenovic",CBJ,C,-60,4,,,,0,0,0,2,3,0,5,0,14
787,"Kris Newbury",NYR,C,-60,3,,,,0,1,1,0,2,0,4,0,10
788,"Jeff Frazee",NJD,G,-61,2,0,1,0,,,,,,,,,
789,"Philipp Grubauer",WSH,G,-61,1,0,0.9575,1.785,,,,,,,,,
790,"Darcy Kuemper",MIN,G,-61,1,0,0.923,2.295,,,,,,,,,
791,"Petr Mrazek",DET,G,-61,0,0,0.922,2.01,,,,,,,,,
792,"Jussi Rynnas",TOR,G,-61,0,0,1,0,,,,,,,,,
793,"Thomas Greiss",SJS,G,-61,1,0,0.9095,2.735,,,,,,,,,
794,"Craig Anderson",OTT,G,-61,0,0,0.952,1.49,,,,,,,,,
795,"Chad Johnson",PHX,G,-61,0,0,0.952,0.98,,,,,,,,,
796,"Danny Briere",PHI,C,-62,8,,,,0,1,-10,0,20,0,5,1,13
797,"Tomas Vincour",DAL,C,-62,4,,,,0,1,-1,0,2,0,8,0,0
798,"Steve Mason",CBJ,G,-62,2,0,0.9025,2.865,,,,,,,,,
799,"Stefan Matteau",NJD,C,-63,5,,,,0,1,-3,2,3,0,7,0,0
800,"Ryan Garbutt",DAL,C,-63,5,,,,0,0,-1,0,4,0,7,1,3
801,"Quinton Howden",FLA,C,-64,5,,,,0,0,-1,0,4,0,5,2,0
802,"Joey MacDonald",CGY,G,-64,4,1,0.897,3.015,,,,,,,,,
803,"Greg Rallo",FLA,C,-64,3,,,,0,0,0,0,1,0,7,1,0
804,"Ryan Spooner",BOS,C,-65,3,,,,0,0,0,0,3,0,1,2,11
805,"Harri Pesonen",NJD,C,-65,4,,,,0,0,-1,2,3,0,4,0,0
806,"Chris Brown",PHX,C,-68,1,,,,0,0,0,2,0,0,2,0,0
807,"Mike Hoffman",OTT,C,-68,1,,,,0,0,0,0,2,0,2,1,0
808,"Teemu Hartikainen",EDM,C,-68,3,,,,0,0,-2,2,2,0,2,1,0
809,"Bracken Kearns",SJS,C,-70,1,,,,0,0,0,0,0,0,3,0,0
810,"Mikael Granlund",MIN,C,-70,2,,,,0,0,-3,0,3,0,3,1,9
811,"Trevor Smith",PIT,C,-72,1,,,,0,0,0,0,0,0,0,1,0
812,"Michal Neuvirth",WSH,G,-72,3,1,0.894,3.02,,,,,,,,,
813,"Derek Grant",OTT,C,-73,0,,,,0,0,0,0,0,0,0,0,0
814,"Ben Street",CGY,C,-73,0,,,,0,0,0,0,0,0,0,0,0
815,"Jonathan Audy-marchessault",CBJ,C,-73,0,,,,0,0,0,0,0,0,0,0,0
816,"Jonathan Marchessault",CBJ,C,-73,0,,,,0,0,0,0,0,0,0,0,0
817,"Michael Sgarbossa",COL,C,-73,0,,,,0,0,0,0,0,0,0,0,0
818,"Matt Anderson",NJD,C,-73,0,,,,0,0,0,0,0,0,0,0,0
819,"Brad Malone",COL,C,-73,0,,,,0,0,0,0,0,0,0,0,0
820,"Andy Miele",PHX,C,-73,0,,,,0,0,0,0,0,0,0,0,0
821,"Mark Scheifele",WPG,C,-73,0,,,,0,0,0,0,0,0,0,0,0
822,"Anton Lander",EDM,C,-73,0,,,,0,0,0,0,0,0,0,0,0
823,"Paul Byron",CGY,C,-73,0,,,,0,0,0,0,0,0,0,0,0
824,"Colton Sceviour",DAL,C,-73,0,,,,0,0,0,0,0,0,0,0,0
825,"Stephane Da Costa",OTT,C,-73,0,,,,0,0,0,0,0,0,0,0,0
826,"Scott Timmins",FLA,C,-73,0,,,,0,0,0,0,0,0,0,0,0
827,"Zac Dalpe",CAR,C,-73,0,,,,0,0,0,0,0,0,0,0,0
828,"Jacob Josefson",NJD,C,-73,0,,,,0,0,0,0,0,0,0,0,0
829,"Blair Jones",CGY,C,-73,0,,,,0,0,0,0,0,0,0,0,0
830,"Alexandre Bolduc",PHX,C,-73,0,,,,0,0,0,0,0,0,0,0,0
831,"Darren Helm",DET,C,-73,0,,,,0,0,0,0,0,0,0,0,0
832,"Tom Wandell",DAL,C,-73,0,,,,0,0,0,0,0,0,0,0,0
833,"Andrew Murray",STL,C,-73,0,,,,0,0,0,0,0,0,0,0,0
834,"Brad Richardson",LAK,C,-73,0,,,,0,0,0,0,0,0,0,0,0
835,"Cody McCormick",BUF,C,-73,0,,,,0,0,0,0,0,0,0,0,0
836,"Manny Malhotra",VAN,C,-73,0,,,,0,0,0,0,0,0,0,0,0
837,"Dainius Zubrus",NJD,C,-73,0,,,,0,0,0,0,0,0,0,0,0
838,"Ryan Kesler",VAN,C,-73,0,,,,0,0,0,0,0,0,0,0,0
839,"Jason Spezza",OTT,C,-73,0,,,,0,0,0,0,0,0,0,0,0
840,"Brian Boucher",PHI,G,-73,1,0,0.8945,2.49,,,,,,,,,
841,"Jean-Sebastien Giguere",COL,G,-74,4,0,0.9075,3.005,,,,,,,,,
842,"Chris VandeVelde",EDM,C,-74,2,,,,0,0,-2,0,1,0,1,0,2
843,"Christopher Nilstorp",DAL,G,-87,0,0,0.897,3.09,,,,,,,,,
844,"Miikka Kiprusoff",CGY,G,-89,9,4,0.8745,3.29,,,,,,,,,
845,"Cedrick Desjardins",TBL,G,-96,4,0,0.89,3,,,,,,,,,
846,"Daniel Taylor",CGY,G,-98,1,1,0.902,3.5,,,,,,,,,
847,"Josh Harding",MIN,G,-101,0,0,0.885,2.92,,,,,,,,,
848,"Jose Theodore",FLA,G,-114,1,0,0.8925,3.295,,,,,,,,,
849,"Leland Irving",CGY,G,-139,0,0,0.883,3.33,,,,,,,,,
850,"Chris Mason",NSH,G,-139,4,0,0.8815,3.295,,,,,,,,,
851,"Kevin Poulin",NYI,G,-162,2,0,0.8775,3.455,,,,,,,,,
852,"Jhonas Enroth",BUF,G,-165,3,2,0.876,3.86,,,,,,,,,
853,"Alex Stalock",SJS,G,-187,2,0,0.846,2.87,,,,,,,,,
854,"Scott Clemmensen",FLA,G,-236,6,0,0.8635,3.97,,,,,,,,,
855,"Brian Elliott",STL,G,-238,2,0,0.85,3.61,,,,,,,,,
856,"Rick DiPietro",NYI,G,-266,0,0,0.855,4.1,,,,,,,,,
857,"Richard Bachman",DAL,G,-293,1,0,0.843,4.095,,,,,,,,,
858,"Michael Leighton",PHI,G,-453,0,0,0.808,5.07,,,,,,,,,
859,"Keith Kinkaid",NJD,G,"-1,072",1,0,0.4615,1.165,,,,,,,,,
860,"Jack Campbell",DAL,G,"-2,137",1,0,0,0,,,,,,,,,
861,"Calvin Pickard",COL,G,"-2,137",0,0,0,0,,,,,,,,,
862,"Robert Mayer",MTL,G,"-2,137",0,0,0,0,,,,,,,,,
863,"Edward Pasquale",WPG,G,"-2,137",0,0,0,0,,,,,,,,,
864,"Tom McCollum",DET,G,"-2,137",0,0,0,0,,,,,,,,,
865,"Frederik Andersen",ANA,G,"-2,137",0,0,0,0,,,,,,,,,
866,"Matt Hackett",MIN,G,"-2,137",1,0,0,0,,,,,,,,,
867,"Henrik Karlsson",CHI,G,"-2,137",0,0,0,0,,,,,,,,,
868,"Jeff Deslauriers",ANA,G,"-2,137",0,0,0,0,,,,,,,,,
869,"Jeff Zatkoff",PIT,G,"-2,137",1,0,0,0,,,,,,,,,
870,"John Muse",CAR,G,"-2,137",1,0,0,0,,,,,,,,,
